<?xml version="1.0" encoding="UTF-8"?>
<project-private xmlns="http://www.netbeans.org/ns/project-private/1">
    <editor-bookmarks xmlns="http://www.netbeans.org/ns/editor-bookmarks/2" lastBookmarkId="0"/>
    <open-files xmlns="http://www.netbeans.org/ns/projectui-open-files/2">
        <group>
            <file>file:/home/juvest/Desktop/Poo/BlackJack/BlackJack/src/blackjack/Hand.java</file>
            <file>file:/home/juvest/Desktop/Poo/BlackJack/BlackJack/src/blackjack/start.java</file>
            <file>file:/home/juvest/Desktop/Poo/BlackJack/BlackJack/src/blackjack/Player.java</file>
            <file>file:/home/juvest/Desktop/Poo/BlackJack/BlackJack/src/blackjack/Dealer.java</file>
            <file>file:/home/juvest/Desktop/Poo/BlackJack/BlackJack/src/blackjack/Card.java</file>
            <file>file:/home/juvest/Desktop/Poo/BlackJack/BlackJack/src/blackjack/mainScreen.java</file>
            <file>file:/home/juvest/Desktop/Poo/BlackJack/BlackJack/src/blackjack/rules.java</file>
            <file>file:/home/juvest/Desktop/Poo/BlackJack/BlackJack/src/blackjack/Deck.java</file>
        </group>
    </open-files>
</project-private>
